﻿
--
-- Table structure for table `auth_assignment`
--

CREATE TABLE IF NOT EXISTS auth_assignment (
  item_name varchar(64) NOT NULL,
  user_id int NOT NULL,
  created_at int DEFAULT NULL,
  PRIMARY KEY (item_name,user_id)
) ;

CREATE INDEX user_id4 ON auth_assignment (user_id);

-- --------------------------------------------------------

--
-- Table structure for table `auth_item`
--

CREATE TABLE IF NOT EXISTS auth_item (
  name varchar(64) NOT NULL,
  type int NOT NULL,
  description text,
  rule_name varchar(64) DEFAULT NULL,
  data text,
  created_at int DEFAULT NULL,
  updated_at int DEFAULT NULL,
  group_code varchar(64) DEFAULT NULL,
  PRIMARY KEY (name)
) ;

CREATE INDEX rule_name ON auth_item (rule_name);
CREATE INDEX idx_auth_item_type ON auth_item (type);
CREATE INDEX fk_auth_item_group_code ON auth_item (group_code);

--
-- Dumping data for table `auth_item`
--

INSERT INTO auth_item (name, type, description, rule_name, data, created_at, updated_at, group_code) VALUES
('/*', 3, NULL, NULL, NULL, 1426062189, 1426062189, NULL),
('//*', 3, NULL, NULL, NULL, 1426062189, 1426062189, NULL),
('//controller', 3, NULL, NULL, NULL, 1426062189, 1426062189, NULL),
('//crud', 3, NULL, NULL, NULL, 1426062189, 1426062189, NULL),
('//extension', 3, NULL, NULL, NULL, 1426062189, 1426062189, NULL),
('//form', 3, NULL, NULL, NULL, 1426062189, 1426062189, NULL),
('//index', 3, NULL, NULL, NULL, 1426062189, 1426062189, NULL),
('//model', 3, NULL, NULL, NULL, 1426062189, 1426062189, NULL),
('//module', 3, NULL, NULL, NULL, 1426062189, 1426062189, NULL),
('/asset/*', 3, NULL, NULL, NULL, 1426062189, 1426062189, NULL),
('/asset/compress', 3, NULL, NULL, NULL, 1426062189, 1426062189, NULL),
('/asset/template', 3, NULL, NULL, NULL, 1426062189, 1426062189, NULL),
('/cache/*', 3, NULL, NULL, NULL, 1426062189, 1426062189, NULL),
('/cache/flush', 3, NULL, NULL, NULL, 1426062189, 1426062189, NULL),
('/cache/flush-all', 3, NULL, NULL, NULL, 1426062189, 1426062189, NULL),
('/cache/flush-schema', 3, NULL, NULL, NULL, 1426062189, 1426062189, NULL),
('/cache/index', 3, NULL, NULL, NULL, 1426062189, 1426062189, NULL),
('/fixture/*', 3, NULL, NULL, NULL, 1426062189, 1426062189, NULL),
('/fixture/load', 3, NULL, NULL, NULL, 1426062189, 1426062189, NULL),
('/fixture/unload', 3, NULL, NULL, NULL, 1426062189, 1426062189, NULL),
('/gii/*', 3, NULL, NULL, NULL, 1426062189, 1426062189, NULL),
('/gii/default/*', 3, NULL, NULL, NULL, 1426062189, 1426062189, NULL),
('/gii/default/action', 3, NULL, NULL, NULL, 1426062189, 1426062189, NULL),
('/gii/default/diff', 3, NULL, NULL, NULL, 1426062189, 1426062189, NULL),
('/gii/default/index', 3, NULL, NULL, NULL, 1426062189, 1426062189, NULL),
('/gii/default/preview', 3, NULL, NULL, NULL, 1426062189, 1426062189, NULL),
('/gii/default/view', 3, NULL, NULL, NULL, 1426062189, 1426062189, NULL),
('/hello/*', 3, NULL, NULL, NULL, 1426062189, 1426062189, NULL),
('/hello/index', 3, NULL, NULL, NULL, 1426062189, 1426062189, NULL),
('/help/*', 3, NULL, NULL, NULL, 1426062189, 1426062189, NULL),
('/help/index', 3, NULL, NULL, NULL, 1426062189, 1426062189, NULL),
('/message/*', 3, NULL, NULL, NULL, 1426062189, 1426062189, NULL),
('/message/config', 3, NULL, NULL, NULL, 1426062189, 1426062189, NULL),
('/message/extract', 3, NULL, NULL, NULL, 1426062189, 1426062189, NULL),
('/migrate/*', 3, NULL, NULL, NULL, 1426062189, 1426062189, NULL),
('/migrate/create', 3, NULL, NULL, NULL, 1426062189, 1426062189, NULL),
('/migrate/down', 3, NULL, NULL, NULL, 1426062189, 1426062189, NULL),
('/migrate/history', 3, NULL, NULL, NULL, 1426062189, 1426062189, NULL),
('/migrate/mark', 3, NULL, NULL, NULL, 1426062189, 1426062189, NULL),
('/migrate/new', 3, NULL, NULL, NULL, 1426062189, 1426062189, NULL),
('/migrate/redo', 3, NULL, NULL, NULL, 1426062189, 1426062189, NULL),
('/migrate/to', 3, NULL, NULL, NULL, 1426062189, 1426062189, NULL),
('/migrate/up', 3, NULL, NULL, NULL, 1426062189, 1426062189, NULL),
('/user-management/*', 3, NULL, NULL, NULL, 1426062189, 1426062189, NULL),
('/user-management/auth-item-group/*', 3, NULL, NULL, NULL, 1426062189, 1426062189, NULL),
('/user-management/auth-item-group/bulk-activate', 3, NULL, NULL, NULL, 1426062189, 1426062189, NULL),
('/user-management/auth-item-group/bulk-deactivate', 3, NULL, NULL, NULL, 1426062189, 1426062189, NULL),
('/user-management/auth-item-group/bulk-delete', 3, NULL, NULL, NULL, 1426062189, 1426062189, NULL),
('/user-management/auth-item-group/create', 3, NULL, NULL, NULL, 1426062189, 1426062189, NULL),
('/user-management/auth-item-group/delete', 3, NULL, NULL, NULL, 1426062189, 1426062189, NULL),
('/user-management/auth-item-group/grid-page-size', 3, NULL, NULL, NULL, 1426062189, 1426062189, NULL),
('/user-management/auth-item-group/grid-sort', 3, NULL, NULL, NULL, 1426062189, 1426062189, NULL),
('/user-management/auth-item-group/index', 3, NULL, NULL, NULL, 1426062189, 1426062189, NULL),
('/user-management/auth-item-group/toggle-attribute', 3, NULL, NULL, NULL, 1426062189, 1426062189, NULL),
('/user-management/auth-item-group/update', 3, NULL, NULL, NULL, 1426062189, 1426062189, NULL),
('/user-management/auth-item-group/view', 3, NULL, NULL, NULL, 1426062189, 1426062189, NULL),
('/user-management/auth/*', 3, NULL, NULL, NULL, 1426062189, 1426062189, NULL),
('/user-management/auth/captcha', 3, NULL, NULL, NULL, 1426062189, 1426062189, NULL),
('/user-management/auth/change-own-password', 3, NULL, NULL, NULL, 1426062189, 1426062189, NULL),
('/user-management/auth/confirm-email', 3, NULL, NULL, NULL, 1426062189, 1426062189, NULL),
('/user-management/auth/confirm-email-receive', 3, NULL, NULL, NULL, 1426062189, 1426062189, NULL),
('/user-management/auth/confirm-registration-email', 3, NULL, NULL, NULL, 1426062189, 1426062189, NULL),
('/user-management/auth/login', 3, NULL, NULL, NULL, 1426062189, 1426062189, NULL),
('/user-management/auth/logout', 3, NULL, NULL, NULL, 1426062189, 1426062189, NULL),
('/user-management/auth/password-recovery', 3, NULL, NULL, NULL, 1426062189, 1426062189, NULL),
('/user-management/auth/password-recovery-receive', 3, NULL, NULL, NULL, 1426062189, 1426062189, NULL),
('/user-management/auth/registration', 3, NULL, NULL, NULL, 1426062189, 1426062189, NULL),
('/user-management/permission/*', 3, NULL, NULL, NULL, 1426062189, 1426062189, NULL),
('/user-management/permission/bulk-activate', 3, NULL, NULL, NULL, 1426062189, 1426062189, NULL),
('/user-management/permission/bulk-deactivate', 3, NULL, NULL, NULL, 1426062189, 1426062189, NULL),
('/user-management/permission/bulk-delete', 3, NULL, NULL, NULL, 1426062189, 1426062189, NULL),
('/user-management/permission/create', 3, NULL, NULL, NULL, 1426062189, 1426062189, NULL),
('/user-management/permission/delete', 3, NULL, NULL, NULL, 1426062189, 1426062189, NULL),
('/user-management/permission/grid-page-size', 3, NULL, NULL, NULL, 1426062189, 1426062189, NULL),
('/user-management/permission/grid-sort', 3, NULL, NULL, NULL, 1426062189, 1426062189, NULL),
('/user-management/permission/index', 3, NULL, NULL, NULL, 1426062189, 1426062189, NULL),
('/user-management/permission/refresh-routes', 3, NULL, NULL, NULL, 1426062189, 1426062189, NULL),
('/user-management/permission/set-child-permissions', 3, NULL, NULL, NULL, 1426062189, 1426062189, NULL),
('/user-management/permission/set-child-routes', 3, NULL, NULL, NULL, 1426062189, 1426062189, NULL),
('/user-management/permission/toggle-attribute', 3, NULL, NULL, NULL, 1426062189, 1426062189, NULL),
('/user-management/permission/update', 3, NULL, NULL, NULL, 1426062189, 1426062189, NULL),
('/user-management/permission/view', 3, NULL, NULL, NULL, 1426062189, 1426062189, NULL),
('/user-management/role/*', 3, NULL, NULL, NULL, 1426062189, 1426062189, NULL),
('/user-management/role/bulk-activate', 3, NULL, NULL, NULL, 1426062189, 1426062189, NULL),
('/user-management/role/bulk-deactivate', 3, NULL, NULL, NULL, 1426062189, 1426062189, NULL),
('/user-management/role/bulk-delete', 3, NULL, NULL, NULL, 1426062189, 1426062189, NULL),
('/user-management/role/create', 3, NULL, NULL, NULL, 1426062189, 1426062189, NULL),
('/user-management/role/delete', 3, NULL, NULL, NULL, 1426062189, 1426062189, NULL),
('/user-management/role/grid-page-size', 3, NULL, NULL, NULL, 1426062189, 1426062189, NULL),
('/user-management/role/grid-sort', 3, NULL, NULL, NULL, 1426062189, 1426062189, NULL),
('/user-management/role/index', 3, NULL, NULL, NULL, 1426062189, 1426062189, NULL),
('/user-management/role/set-child-permissions', 3, NULL, NULL, NULL, 1426062189, 1426062189, NULL),
('/user-management/role/set-child-roles', 3, NULL, NULL, NULL, 1426062189, 1426062189, NULL),
('/user-management/role/toggle-attribute', 3, NULL, NULL, NULL, 1426062189, 1426062189, NULL),
('/user-management/role/update', 3, NULL, NULL, NULL, 1426062189, 1426062189, NULL),
('/user-management/role/view', 3, NULL, NULL, NULL, 1426062189, 1426062189, NULL),
('/user-management/user-permission/*', 3, NULL, NULL, NULL, 1426062189, 1426062189, NULL),
('/user-management/user-permission/set', 3, NULL, NULL, NULL, 1426062189, 1426062189, NULL),
('/user-management/user-permission/set-roles', 3, NULL, NULL, NULL, 1426062189, 1426062189, NULL),
('/user-management/user-visit-log/*', 3, NULL, NULL, NULL, 1426062189, 1426062189, NULL),
('/user-management/user-visit-log/bulk-activate', 3, NULL, NULL, NULL, 1426062189, 1426062189, NULL),
('/user-management/user-visit-log/bulk-deactivate', 3, NULL, NULL, NULL, 1426062189, 1426062189, NULL),
('/user-management/user-visit-log/bulk-delete', 3, NULL, NULL, NULL, 1426062189, 1426062189, NULL),
('/user-management/user-visit-log/create', 3, NULL, NULL, NULL, 1426062189, 1426062189, NULL),
('/user-management/user-visit-log/delete', 3, NULL, NULL, NULL, 1426062189, 1426062189, NULL),
('/user-management/user-visit-log/grid-page-size', 3, NULL, NULL, NULL, 1426062189, 1426062189, NULL),
('/user-management/user-visit-log/grid-sort', 3, NULL, NULL, NULL, 1426062189, 1426062189, NULL),
('/user-management/user-visit-log/index', 3, NULL, NULL, NULL, 1426062189, 1426062189, NULL),
('/user-management/user-visit-log/toggle-attribute', 3, NULL, NULL, NULL, 1426062189, 1426062189, NULL),
('/user-management/user-visit-log/update', 3, NULL, NULL, NULL, 1426062189, 1426062189, NULL),
('/user-management/user-visit-log/view', 3, NULL, NULL, NULL, 1426062189, 1426062189, NULL),
('/user-management/user/*', 3, NULL, NULL, NULL, 1426062189, 1426062189, NULL),
('/user-management/user/bulk-activate', 3, NULL, NULL, NULL, 1426062189, 1426062189, NULL),
('/user-management/user/bulk-deactivate', 3, NULL, NULL, NULL, 1426062189, 1426062189, NULL),
('/user-management/user/bulk-delete', 3, NULL, NULL, NULL, 1426062189, 1426062189, NULL),
('/user-management/user/change-password', 3, NULL, NULL, NULL, 1426062189, 1426062189, NULL),
('/user-management/user/create', 3, NULL, NULL, NULL, 1426062189, 1426062189, NULL),
('/user-management/user/delete', 3, NULL, NULL, NULL, 1426062189, 1426062189, NULL),
('/user-management/user/grid-page-size', 3, NULL, NULL, NULL, 1426062189, 1426062189, NULL),
('/user-management/user/grid-sort', 3, NULL, NULL, NULL, 1426062189, 1426062189, NULL),
('/user-management/user/index', 3, NULL, NULL, NULL, 1426062189, 1426062189, NULL),
('/user-management/user/toggle-attribute', 3, NULL, NULL, NULL, 1426062189, 1426062189, NULL),
('/user-management/user/update', 3, NULL, NULL, NULL, 1426062189, 1426062189, NULL),
('/user-management/user/view', 3, NULL, NULL, NULL, 1426062189, 1426062189, NULL),
('Admin', 1, 'Admin', NULL, NULL, 1426062189, 1426062189, NULL),
('assignRolesToUsers', 2, 'Assign roles to users', NULL, NULL, 1426062189, 1426062189, 'userManagement'),
('bindUserToIp', 2, 'Bind user to IP', NULL, NULL, 1426062189, 1426062189, 'userManagement'),
('changeOwnPassword', 2, 'Change own password', NULL, NULL, 1426062189, 1426062189, 'userCommonPermissions'),
('changeUserPassword', 2, 'Change user password', NULL, NULL, 1426062189, 1426062189, 'userManagement'),
('commonPermission', 2, 'Common permission', NULL, NULL, 1426062188, 1426062188, NULL),
('createUsers', 2, 'Create users', NULL, NULL, 1426062189, 1426062189, 'userManagement'),
('deleteUsers', 2, 'Delete users', NULL, NULL, 1426062189, 1426062189, 'userManagement'),
('editUserEmail', 2, 'Edit user email', NULL, NULL, 1426062189, 1426062189, 'userManagement'),
('editUsers', 2, 'Edit users', NULL, NULL, 1426062189, 1426062189, 'userManagement'),
('viewRegistrationIp', 2, 'View registration IP', NULL, NULL, 1426062189, 1426062189, 'userManagement'),
('viewUserEmail', 2, 'View user email', NULL, NULL, 1426062189, 1426062189, 'userManagement'),
('viewUserRoles', 2, 'View user roles', NULL, NULL, 1426062189, 1426062189, 'userManagement'),
('viewUsers', 2, 'View users', NULL, NULL, 1426062189, 1426062189, 'userManagement'),
('viewVisitLog', 2, 'View visit log', NULL, NULL, 1426062189, 1426062189, 'userManagement');

-- --------------------------------------------------------

--
-- Table structure for table `auth_item_child`
--

CREATE TABLE IF NOT EXISTS auth_item_child (
  parent varchar(64) NOT NULL,
  child varchar(64) NOT NULL,
  PRIMARY KEY (parent,child)
) ;

CREATE INDEX child ON auth_item_child (child);

--
-- Dumping data for table `auth_item_child`
--

INSERT INTO auth_item_child (parent, child) VALUES
('changeOwnPassword', '/user-management/auth/change-own-password'),
('assignRolesToUsers', '/user-management/user-permission/set'),
('assignRolesToUsers', '/user-management/user-permission/set-roles'),
('viewVisitLog', '/user-management/user-visit-log/grid-page-size'),
('viewVisitLog', '/user-management/user-visit-log/index'),
('viewVisitLog', '/user-management/user-visit-log/view'),
('editUsers', '/user-management/user/bulk-activate'),
('editUsers', '/user-management/user/bulk-deactivate'),
('deleteUsers', '/user-management/user/bulk-delete'),
('changeUserPassword', '/user-management/user/change-password'),
('createUsers', '/user-management/user/create'),
('deleteUsers', '/user-management/user/delete'),
('viewUsers', '/user-management/user/grid-page-size'),
('viewUsers', '/user-management/user/index'),
('editUsers', '/user-management/user/update'),
('viewUsers', '/user-management/user/view'),
('Admin', 'assignRolesToUsers'),
('Admin', 'changeOwnPassword'),
('Admin', 'changeUserPassword'),
('Admin', 'createUsers'),
('Admin', 'deleteUsers'),
('Admin', 'editUsers'),
('editUserEmail', 'viewUserEmail'),
('assignRolesToUsers', 'viewUserRoles'),
('Admin', 'viewUsers'),
('assignRolesToUsers', 'viewUsers'),
('changeUserPassword', 'viewUsers'),
('createUsers', 'viewUsers'),
('deleteUsers', 'viewUsers'),
('editUsers', 'viewUsers');

-- --------------------------------------------------------

--
-- Table structure for table `auth_item_group`
--

CREATE TABLE IF NOT EXISTS auth_item_group (
  code varchar(64) NOT NULL,
  name varchar(255) NOT NULL,
  created_at int DEFAULT NULL,
  updated_at int DEFAULT NULL,
  PRIMARY KEY (code)
) ;

--
-- Dumping data for table `auth_item_group`
--

INSERT INTO auth_item_group (code, name, created_at, updated_at) VALUES
('userCommonPermissions', 'User common permission', 1426062189, 1426062189),
('userManagement', 'User management', 1426062189, 1426062189);

-- --------------------------------------------------------

--
-- Table structure for table `auth_rule`
--

CREATE TABLE IF NOT EXISTS auth_rule (
  name varchar(64) NOT NULL,
  data text,
  created_at int DEFAULT NULL,
  updated_at int DEFAULT NULL,
  PRIMARY KEY (name)
) ;

-- --------------------------------------------------------

--
-- Table structure for table `user`
--

CREATE SEQUENCE user_seq;

CREATE TABLE IF NOT EXISTS "user" (
  id int NOT NULL DEFAULT NEXTVAL ('user_seq'),
  username varchar(255) NOT NULL,
  auth_key text NOT NULL,
  password_hash varchar(255) NOT NULL,
  confirmation_token varchar(255) DEFAULT NULL,
  status int NOT NULL DEFAULT '1',
  superadmin smallint DEFAULT '0',
  created_at int NOT NULL,
  updated_at int NOT NULL,
  registration_ip text DEFAULT NULL,
  bind_to_ip text DEFAULT NULL,
  email text DEFAULT NULL,
  email_confirmed smallint NOT NULL DEFAULT '0',
  PRIMARY KEY (id)
)    ;
 
ALTER SEQUENCE user_seq RESTART WITH 2;

--
-- Dumping data for table `user`
--

-- --------------------------------------------------------

--
-- Table structure for table `user_visit_log`
--

CREATE SEQUENCE user_visit_log_seq;

CREATE TABLE IF NOT EXISTS user_visit_log (
  id int NOT NULL DEFAULT NEXTVAL ('user_visit_log_seq'),
  token text NOT NULL,
  ip text NOT NULL,
  language text NOT NULL,
  user_agent text NOT NULL,
  user_id int DEFAULT NULL,
  visit_time int NOT NULL,
  browser text DEFAULT NULL,
  os text DEFAULT NULL,
  PRIMARY KEY (id)
)   ;
 
ALTER SEQUENCE user_visit_log_seq RESTART WITH 1;

CREATE INDEX user_id ON user_visit_log (user_id);

--
-- Constraints for dumped tables
--

--
-- Constraints for table `auth_assignment`
--
ALTER TABLE auth_assignment
  ADD CONSTRAINT auth_assignment_ibfk_1 FOREIGN KEY (item_name) REFERENCES auth_item (name) ON DELETE CASCADE ON UPDATE CASCADE,
  ADD CONSTRAINT auth_assignment_ibfk_2 FOREIGN KEY (user_id) REFERENCES "user" (id) ON DELETE CASCADE ON UPDATE CASCADE;

--
-- Constraints for table `auth_item`
--
ALTER TABLE auth_item
  ADD CONSTRAINT fk_auth_item_group_code FOREIGN KEY (group_code) REFERENCES auth_item_group (code) ON DELETE SET NULL ON UPDATE CASCADE,
  ADD CONSTRAINT auth_item_ibfk_1 FOREIGN KEY (rule_name) REFERENCES auth_rule (name) ON DELETE SET NULL ON UPDATE CASCADE;

--
-- Constraints for table `auth_item_child`
--
ALTER TABLE auth_item_child
  ADD CONSTRAINT auth_item_child_ibfk_1 FOREIGN KEY (parent) REFERENCES auth_item (name) ON DELETE CASCADE ON UPDATE CASCADE,
  ADD CONSTRAINT auth_item_child_ibfk_2 FOREIGN KEY (child) REFERENCES auth_item (name) ON DELETE CASCADE ON UPDATE CASCADE;

--
-- Constraints for table `user_visit_log`
--
ALTER TABLE user_visit_log
  ADD CONSTRAINT user_visit_log_ibfk_1 FOREIGN KEY (user_id) REFERENCES "user"(id) ON DELETE SET NULL ON UPDATE CASCADE;

